,rmse,mean,median,std,min,max,sse
result.txt,42.43535975928901,38.50381418265683,40.338752171602394,17.838611248853393,1.5720810643551153,76.10038333856609,480802.85535937594
